{
  "bin_edges": [
    0.3076,
    0.396,
    0.4748,
    0.5876,
    0.7196,
    0.942
  ],
  "bin_success_rates": [
    0.40476190476190477,
    0.5952380952380952,
    0.38095238095238093,
    0.6428571428571429,
    0.6829268292682927,
    0.6585365853658537
  ],
  "auc": 0.608
}